<?xml version="1.0" encoding="UTF-8"?>
<xml>
<topic>
<number>CIRB010TopicZH001</number>
<title>流浪狗問題</title>
<question>
查詢各界為解決流浪狗問題所採取之相關措施。
</question>
<narrative>
相關文件內容應包括目前流浪狗所導致的各項問題，環保單位、學者專家等相關人士之看法與建議處理方案，政府及民間團體之現行措施，相關法令之制定與規範內容。若文件中只陳述流浪狗之不當處置情形與各界之抗議請命活動，而無論及具體的解決方案，視為不相關。
</narrative>
<concepts>
流浪狗、流浪犬、動物保護、動保法、保育、人道、飼主、寵物、棄養、晶片、收容所、設施、安樂死、結紮、領養、罰鍰、農委會、獸醫。
</concepts>
</topic>
<topic>
<number>CIRB010TopicZH002</number>
<title>國小英語師資</title>
<question>
查詢國小英語師資之甄選辦法與培育方式。
</question>
<narrative>
相關文件內容主要應陳述教育部對於英語師資的遴選辦法與師資培訓計劃，包括參與甄選應具備之條件、參與管道，能力檢核方式、檢測內容，英語教師證照制度的建立，以及教育部擬訂之培訓具體方案細項。若文件中只陳述師資甄選的參與人數與考試實況，是不相關的。
</narrative>
<concepts>
國小英語教師、英語教學、師資、能力檢核、測驗、甄選、培訓、資格、認證、學程、教育部。
</concepts>
</topic>
<topic>
<number>CIRB010TopicZH003</number>
<title>獨居老人社會服務</title>
<question>
查詢政府對獨居老人所提供之各項社會服務內容。
</question>
<narrative>
相關文件內容應列舉出政府相關單位對獨居老人所提供的各項資源與援助措施，如福利制度、養護照顧、安全網的設立等。文件中若只敘述獨居老人的案例或民間團體的援助，而未提及政府之措施，是不相關的。
</narrative>
<concepts>
獨居老人、老人福利、政府、內政部、社會局、行政院、安養、養護、緊急救援、醫療、照料、通報、居家服務、電話、探訪、安全網。
</concepts>
</topic>
<topic>
<number>CIRB010TopicZH004</number>
<title>迪士尼樂園</title>
<question>
查詢全球第五座迪士尼主題樂園預定地選擇之相關報導。
</question>
<narrative>
全球第五座迪士尼主題樂園將以香港為興建預定地。相關文件內容包括美國迪士尼公司對於地點選擇的條件、標準與考量，地點評選經過，各候選城市的爭取過程，樂園的確實座落地點，興建計畫可能投入的成本，以及對香港可能的影響。文件中若僅含台灣不加入爭取行列所引起之討論與省思，是不相關的。
</narrative>
<concepts>
迪士尼樂園、主題公園、迪士尼公司、興建、第五座、香港、新界、香港特區政府、評選條件。
</concepts>
</topic>
<topic>
<number>CIRB010TopicZH005</number>
<title>台灣黑面琵鷺</title>
<question>
查詢台灣各地黑面琵鷺繁衍與飛抵之生態情形。
</question>
<narrative>
相關文件內容應以黑面琵鷺在台灣各地棲息期間的生態觀察為主，包括族群飛抵度冬的時間、地點、數量、繁衍以及健康狀況等。對黑面琵鷺所引起之生態保育與工業區開發間重大爭議事項的報導，則視為不相關。
</narrative>
<concepts>
黑面琵鷺、候鳥、族群、繁衍、棲息、棲地、曾文溪口、台南、七股、數量、保育、追蹤、普查、生態、覓食、度冬、濕地、遷移路線、週期、發報器。
</concepts>
</topic>
<topic>
<number>CIRB010TopicZH006</number>
<title>金融機構合併</title>
<question>
查詢我國政府單位鼓勵金融機構合併之各項措施。
</question>
<narrative>
財政部等相關單位為健全金融市場、改善金融體質，推動了一連串鼓勵銀行、證券商及保險公司等金融機構合併的措施。相關文件內容包括各項具體的獎勵優惠辦法、施行細節、法令中明定之規範條文、以及各界對相關政策的討論與評估。若文件中只陳述金融機構合併之個案，視為不相關。
</narrative>
<concepts>
金融機構、合併、銀行合併、租稅優惠、租稅減免、稅前盈餘、低利融資、促進產業升級條例、財政部、經濟部、央行、中央銀行、增值稅、印花稅、證交稅。 
</concepts>
</topic>
<topic>
<number>CIRB010TopicZH007</number>
<title>國民卡</title>
<question>
查詢國民卡所可能引發之安全性議題與因應防範之道。
</question>
<narrative>
相關文件內容應包括使用國民卡所可能產生的安全危機，規劃單位對安全問題的說明，所使用的防範措施，依循之安全標準，、安全性驗證方法，對承包廠商的技術監督，現有之破碼能力等。推動國民卡的實際措施、議約程序、及遭受的其他阻礙，均是不相關的。
</narrative>
<concepts>
國民卡、智慧卡、安全、隱私、研考會、認證、電子簽章、晶片、保護、控管、風險、辨識、指紋、密碼、驗證、隱私權、資料庫、安全標準。
</concepts>
</topic>
<topic>
<number>CIRB010TopicZH008</number>
<title>經濟痛苦指數</title>
<question>
查詢經濟類痛苦指數所代表的意義，以及台灣近年來在此方面之表現。
</question>
<narrative>
相關文件內容應說明民生痛苦指數與金融痛苦指數所牽涉到的經濟指標與指數計算方式，台灣近年來痛苦指數之具體數值資料，與其他國家之比較排名等。對於環境痛苦指數之議論，是不相關的。
</narrative>
<concepts>
痛苦指數、民生痛苦指數、金融痛苦指數、經濟成長、主計處、景氣、金融風暴、通貨膨漲、成長率、失業率、通膨率、消費者物價、股市跌幅、匯率貶幅、所得、薪資、指標、排名。
</concepts>
</topic>
<topic>
<number>CIRB010TopicZH009</number>
<title>卡特訪台</title>
<question>
查詢卡特訪台期間所發表之有關中美關係的言論。
</question>
<narrative>
相關文件內容以卡特在１９９９年初訪台時公開發表之言論為主，包括其對及中美關係發展的見解理念，對中美斷交所持的態度，以及對台灣關係法條文的相關議論。文件中若僅有其他人對卡特的評論，是不相關的。
</narrative>
<concepts>
卡特、演講、美國、台灣、中共、外交、中美斷交、中美關係、台灣關係法、中共建交、民主、道歉、國際、人權、和平。
</concepts>
</topic>
<topic>
<number>CIRB010TopicZH010</number>
<title>大學聯招廢止</title>
<question>
查詢大學聯招制度廢止之實施狀況以及新的替代制度內容。
</question>
<narrative>
相關文件內容應說明教育部推動廢止大學聯招之細節規劃與實施進程，廢止後擬實施的多元入學方式，新的替代方案－「考招分離」制度的內容，新制實施可能造成的影響，及各方對此所抱持的態度與評價。
</narrative>
<concepts>
大學聯招、廢除、考招分離、推薦甄選、甄試、學科能力測驗、多元入學方案、性向、大學招生策進會、招策會、教育部。
</concepts>
</topic>
</xml>
